Title,Year,Duration,Rating
Um Sonho de Liberdade,1994,2h 22m,"9,3"
O Poderoso Chefão,1972,2h 55m,"9,2"
Batman: O Cavaleiro das Trevas,2008,2h 32m,"9,0"
A Lista de Schindler,1993,3h 15m,"9,0"
O Senhor dos Anéis: O Retorno do Rei,2003,3h 21m,"9,0"
O Poderoso Chefão II,1974,3h 22m,"9,0"
12 Homens e uma Sentença,1957,1h 36m,"9,0"
O Senhor dos Anéis: A Sociedade do Anel,2001,2h 58m,"8,9"
Pulp Fiction: Tempo de Violência,1994,2h 34m,"8,9"
 Repetente,2023,2h 27m,"8,9"
 Clube da Luta,1999,2h 19m,"8,8"
 A Origem,2010,2h 28m,"8,8"
 Forrest Gump: O Contador de Histórias,1994,2h 22m,"8,8"
 Três Homens em Conflito,1966,2h 41m,"8,8"
 O Senhor dos Anéis: As Duas Torres,2002,2h 59m,"8,8"
 Maharaja,2024,2h 30m,"8,7"
 Interestelar,2014,2h 49m,"8,7"
 Matrix,1999,2h 16m,"8,7"
 Os Bons Companheiros,1990,2h 25m,"8,7"
 Um Estranho no Ninho,1975,2h 13m,"8,7"
 Star Wars: Episódio V - O Império Contra-Ataca,1980,2h 4mL,"8,7"
 Jai Bhim,2021,2h 44m,"8,7"
 Soorarai Pottru,2020,2h 33m,"8,7"
 Charlie: Um Cachorro Especial,2022,2h 44m,"8,7"
 Rocketry: The Nambi Effect,2022,2h 37m,"8,7"
 O Silêncio dos Inocentes,1991,1h 58m,"8,6"
 Seven: Os Sete Crimes Capitais,1995,2h 7m1,"8,6"
 Homem-Aranha: Através do Aranhaverso,2023,2h 20m,"8,6"
 À Espera de um Milagre,1999,3h 9m1,"8,6"
 Cidade de Deus,2002,2h 10m,"8,6"
 O Exterminador do Futuro 2: O Julgamento Final,1991,2h 17m,"8,6"
 O Resgate do Soldado Ryan,1998,2h 49m,"8,6"
 A Viagem de Chihiro,2001,2h 5mL,"8,6"
 Star Wars: Episódio IV - Uma Nova Esperança,1977,2h 1mL,"8,6"
 A Vida é Bela,1997,1h 56m,"8,6"
 Os Sete Samurais,1954,3h 27m,"8,6"
 A Felicidade Não se Compra,1946,2h 10m,"8,6"
 Harakiri,1962,2h 13m,"8,6"
 Duna: Parte 2,2024,2h 46m,"8,5"
 Gladiador,2000,2h 35m,"8,5"
 Alien - O 8º Passageiro,1979,1h 57m,"8,5"
 De Volta para o Futuro,1985,1h 56m,"8,5"
 Parasita,2019,2h 12m,"8,5"
 Os Infiltrados,2006,2h 31m,"8,5"
 O Grande Truque,2006,2h 10m,"8,5"
 O Rei Leão,1994,1h 28m,"8,5"
 O Profissional,1994,1h 50m,"8,5"
 Django Livre,2012,2h 45m,"8,5"
 Whiplash: Em Busca da Perfeição,2014,1h 46m,"8,5"
 A Outra História Americana,1998,1h 59m,"8,5"
 Os Suspeitos,1995,1h 46m,"8,5"
 Era uma Vez no Oeste,1968,2h 46m,"8,5"
 Troca Surpresa,2023,2h 2m1,"8,5"
 Psicose,1960,1h 49m,"8,5"
 O Pianista,2002,2h 30m,"8,5"
 Intocáveis,2011,1h 52m,"8,5"
 Casablanca,1942,1h 42m,"8,5"
 Túmulo dos Vagalumes,1988,1h 28m,"8,5"
 Cinema Paradiso,1988,2h 54m,"8,5"
 Janela Indiscreta,1954,1h 52m,"8,5"
 Tempos Modernos,1936,1h 27m,"8,5"
 Luzes da Cidade,1931,1h 27m,"8,5"
 Sita Ramam,2022,2h 43m,"8,5"
 96,2018,2h 38m,"8,5"
 Coringa,2019,2h 2m1,"8,4"
 Vingadores: Ultimato,2019,3h 1m1,"8,4"
 Aliens: O Resgate,1986,2h 17m,"8,4"
 Bastardos Inglórios,2009,2h 33m,"8,4"
 O Iluminado,1980,2h 26m,"8,4"
 Batman: O Cavaleiro das Trevas Ressurge,2012,2h 44m,"8,4"
 Vingadores: Guerra Infinita,2018,2h 29m,"8,4"
 Apocalypse Now,1979,2h 27m,"8,4"
 Os Caçadores da Arca Perdida,1981,1h 55m,"8,4"
 Amnésia,2000,1h 53m,"8,4"
 Viva: A Vida é uma Festa,2017,1h 45m,"8,4"
 Vá e Veja,1985,2h 22m,"8,4"
 Your Name,2016,1h 46m,"8,4"
 Homem-Aranha: No Aranhaverso,2018,1h 57m,"8,4"
 WALL·E,2008,1h 38m,"8,4"
 Glória Feita de Sangue,1957,1h 28m,"8,4"
 Amadeus,1984,2h 40m,"8,4"
 A Vida dos Outros,2006,2h 17m,"8,4"
 Cafarnaum,2018,2h 6m1,"8,4"
 3 Idiotas,2009,2h 50m,"8,4"
 Crepúsculo dos Deuses,1950,1h 50m,"8,4"
 O Barco: Inferno no Mar,1981,2h 29m,"8,4"
 Testemunha de Acusação,1957,1h 56m,"8,4"
 Céu e Inferno,1963,2h 23m,"8,4"
 O Grande Ditador,1940,2h 5mL,"8,4"
 Kaithi,2019,2h 25m,"8,4"
 Sardar Udham,2021,2h 44m,"8,4"
 Asuran,2019,2h 21m,"8,4"
 Drishyam 2,2021,2h 32m,"8,4"
 Oppenheimer,2023,3h16,"8,3"
 Réquiem para um Sonho,2000,1h 42m,"8,3"
 Incêndios,2010,2h 11m,"8,3"
 Fogo contra Fogo,1995,2h 50m,"8,3"
 Laranja Mecânica,1971,2h 16m,"8,3"
 Gênio Indomável,1997,2h 6m1,"8,3"
. Oldboy,2003,2h16,"8,3"
. Beleza Americana,1999,2h 2m1,"8,3"
. Golpe de Mestre,1973,2h 9m1,"8,3"
. Coração Valente,1995,2h 58m,"8,3"
. Brilho Eterno de uma Mente sem Lembranças,2004,1h 48m,"8,3"
. 2001: Uma Odisséia no Espaço,1968,2h 29m,"8,3"
. Nascido para Matar,1987,1h 56m,"8,3"
. Scarface,1983,2h 50m,"8,3"
. Toy Story,1995,1h 21m,"8,3"
. A Caça,2012,1h 55m,"8,3"
. Cães de Aluguel,1992,1h 39m,"8,3"
. Era uma Vez na América,1984,3h 49m,"8,3"
. Hamilton,2020,2h 40m,"8,3"
. O Fabuloso Destino de Amélie Poulain,2001,2h 2m1,"8,3"
. Up: Altas Aventuras,2009,1h 36m,"8,3"
. Princesa Mononoke,1997,2h 14m,"8,3"
. Lawrence da Arábia,1962,3h 38m,"8,3"
. Dr. Fantástico,1964,1h 35m,"8,3"
. Star Wars: Episódio VI - O Retorno de Jedi,1983,2h 11m,"8,3"
. Um Corpo que Cai,1958,2h 8m1,"8,3"
. Toy Story 3,2010,1h 43m,"8,3"
". M, o Vampiro de Dusseldorf",1931,1h 57m,"8,3"
. Intriga Internacional,1959,2h 16m,"8,3"
. O Sol é para Todos,1962,2h 9m1,"8,3"
. Metrópolis,1927,2h 33m,"8,3"
. Cidadão Kane,1941,1h 59m,"8,3"
. Cantando na Chuva,1952,1h 43m,"8,3"
. A Separação,2011,2h 3m1,"8,3"
. Se Meu Apartamento Falasse,1960,2h 5mL,"8,3"
. Dangal,2016,2h 41m,"8,3"
. Pacto de Sangue,1944,1h 47m,"8,3"
. Viver,1952,2h 23m,"8,3"
. Como Estrelas na Terra,2007,2h 42m,"8,3"
. Julgamento em Nuremberg,1961,2h 59m,"8,3"
. K.G.F: Chapter 2,2022,2h 46m,"8,3"
. Vikram,2022,2h 55m,"8,3"
. Ladrões de Bicicletas,1948,1h 29m,"8,3"
. Shershaah,2021,2h 15m,"8,3"
. Ratsasan,2018,2h 26m,"8,3"
. Irreverentes,2019,2h 23m,"8,3"
. A Chantagem,2013,2h 40m,"8,3"
. Deadpool & Wolverine,2024,2h 8m1,"8,2"
. Top Gun: Maverick,2022,2h 10m,"8,2"
. O Lobo de Wall Street,2013,3h18,"8,2"
. Homem-Aranha: Sem Volta para Casa,2021,2h 28m,"8,2"
. Jurassic Park - O Parque dos Dinossauros,1993,2h 7mL,"8,2"
. Ilha do Medo,2010,2h 18m,"8,2"
. Onde os Fracos Não Têm Vez,2007,2h 2m1,"8,2"
. O Sexto Sentido,1999,1h 47m,"8,2"
. O Show de Truman: O Show da Vida,1998,1h 43m,"8,2"
. Os Suspeitos,2013,2h 33m,"8,2"
. Taxi Driver: Motorista de Táxi,1976,1h 54m,"8,2"
. Green Book: O Guia,2018,2h 10m,"8,2"
. Batman Begins,2005,2h 20m,"8,2"
. 1917,2019,1h 59m,"8,2"
. Snatch - Porcos e Diamantes,2000,1h 44m,"8,2"
. Kill Bill: Volume 1,2003,1h 51m,"8,2"
. Duro de Matar,1988,2h 12m,"8,2"
. O Enigma de Outro Mundo,1982,1h 49m,"8,2"
. Procurando Nemo,2003,1h 40m,"8,2"
. Sangue Negro,2007,2h 38m,"8,2"
. Meu Pai,2020,1h 37m,"8,2"
. Indiana Jones e a Última Cruzada,1989,2h 7mL,"8,2"
. Cassino,1995,2h 58m,"8,2"
. Uma Mente Brilhante,2001,2h 15m,"8,2"
. O Castelo Animado,2004,1h 59m,"8,2"
. Os Imperdoáveis,1992,2h 10m,"8,2"
. Tumbbad,2018,1h 44m,"8,2"
. O Labirinto do Fauno,2006,1h 58m,"8,2"
. A Queda! As Últimas Horas de Hitler,2004,2h 36m,"8,2"
. ...E o Vento Levou,1939,3h 58m,"8,2"
. Los Angeles: Cidade Proibida,1997,2h 18m,"8,2"
. Fugindo do Inferno,1963,2h 52m,"8,2"
. Por uns Dólares a Mais,1965,2h 12m,"8,2"
. Monty Python em Busca do Cálice Sagrado,1975,1h 31m,"8,2"
. O Segredo dos Seus Olhos,2009,2h 9m1,"8,2"
. Quanto Mais Quente Melhor,1959,2h 1mL,"8,2"
. Gangues de Wasseypur,2012,5h 21m,"8,2"
. O Homem Elefante,1980,2h 4m1,"8,2"
. Demon Slayer: Mugen Train - O Filme,2020,1h 57m,"8,2"
. Ran,1985,2h 40m,"8,2"
. Baahubali 2: A Conclusão,2017,2h 47m,"8,2"
. Disque M para Matar,1954,1h 45m,"8,2"
. Klaus,2019,1h 36m,"8,2"
. Rashomon,1950,1h 28m,"8,2"
. A Malvada,1950,2h 18m,"8,2"
. A Chantagem,2015,2h 43m,"8,2"
. Assassinato às Cegas,2018,2h 19m,"8,2"
. A Chantagem 2,2022,2h 20m,"8,2"
. Milagre na Cela 7,2019,2h 12m,"8,2"
. Vikram Vedha,2017,2h 27m,"8,2"
. Filhos do Paraíso,1997,1h 29m,"8,2"
. Z,1969,2h 7m1,"8,2"
". Yojimbo, o Guarda-Costas",1961,1h 50m,"8,2"
. O Tesouro da Sierra Madre,1948,2h 6mL,"8,2"
. Três Amigos na Estrada,2011,2h 35m,"8,2"
. O Garoto,1921,1h 8mL,"8,2"
. K.G.F: Chapter 1,2018,2h 34m,"8,2"
. Meu Pai e Meu Filho,2005,1h 52m,"8,2"
. URI - Forças Especiais,2019,2h 18m,"8,2"
". Corra, Milkha, Corra",2013,3h 6mN,"8,2"
. Ayla,2017,2h 5m,"8,2"
. Dersu Uzala,1975,2h 22m,"8,2"
. A Canção da Estrada,1955,2h 5m1,"8,2"
. Kantara,2022,2h 28m,"8,2"
. Contos da Lua Vaga,1953,1h 36m,"8,2"
". Swades: We, the People",2004,3h 30m,"8,2"
. Bancando o Águia,1924,45mPas,"8,2"
. Umberto D.,1952,1h 29m,"8,2"
. Rangasthalam,2018,2h 50m,"8,2"
. Hera Pheri,2000,2h 36m,"8,2"
. Paan Singh Tomar,2012,2h 15m,"8,2"
. Logan,2017,2h 17m,"8,1"
. Divertida Mente,2015,1h 35m,"8,1"
. Mad Max: Estrada da Fúria,2015,2h16,"8,1"
. Tubarão,1975,2h 4m1,"8,1"
. Piratas do Caribe: A Maldição do Pérola Negra,2003,2h 23m,"8,1"
. O Exterminador do Futuro,1984,1h 47m,"8,1"
. Garota Exemplar,2014,2h 29m,"8,1"
. Conta Comigo,1986,1h 29m,"8,1"
. Ford vs. Ferrari,2019,2h 32m,"8,1"
. Ratatouille,2007,1h 51m,"8,1"
. Histórias Cruzadas,2011,2h 26m,"8,1"
. Até o Último Homem,2016,2h 19m,"8,1"
. O Grande Lebowski,1998,1h 57m,"8,1"
. Sociedade dos Poetas Mortos,1989,2h 8m1,"8,1"
. Blade Runner - O Caçador de Androides,1982,1h 57m,"8,1"
. Prenda-Me se for Capaz,2002,2h 21m,"8,1"
. Harry Potter e as Relíquias da Morte - Parte 2,2011,2h 10m,"8,1"
. A Criada,2016,2h 25m,"8,1"
. O Exorcista,1973,2h 2m1,"8,1"
. O Grande Hotel Budapeste,2014,1h 39m,"8,1"
. O Mágico de Oz,1939,1h 42m,"8,1"
. Fargo: Uma Comédia de Erros,1996,1h 38m,"8,1"
. Trainspotting: Sem Limites,1996,1h 33m,"8,1"
". Rocky, um Lutador",1976,2h12,"8,1"
. Na Natureza Selvagem,2007,2h 28m,"8,1"
. Menina de Ouro,2004,2h 12m,"8,1"
. A Noviça Rebelde,1965,2h 52m,"8,1"
. Memórias de um Assassino,2003,2h 11m,"8,1"
. Chinatown,1974,2h 10m,"8,1"
. Platoon,1986,2h14,"8,1"
. Rede de Intrigas,1976,2h 1m1,"8,1"
. V de Vingança,2005,2h 12m,"8,1"
. Como Treinar o Seu Dragão,2010,1h 38m,"8,1"
. Barry Lyndon,1975,3h 5mL,"8,1"
. Três Anúncios para um Crime,2017,1h 55m,"8,1"
. Monstros S.A.,2001,1h 32m,"8,1"
. O Quarto de Jack,2015,1h 58m,"8,1"
". Paris, Texas",1984,2h 25m,"8,1"
. Rush: No Limite da Emoção,2013,2h 3m1,"8,1"
. Antes do Amanhecer,1995,1h 41m,"8,1"
". Jogos, Trapaças e Dois Canos Fumegantes",1998,1h 47m,"8,1"
. O Franco Atirador,1978,3h 3m1,"8,1"
. 12 Anos de Escravidão,2013,2h 14m,"8,1"
. Guerreiro,2011,2h 20m,"8,1"
. Sempre ao Seu Lado,2009,1h 33m,"8,1"
. Retrato de uma Jovem em Chamas,2019,2h 2m1,"8,1"
. Spotlight: Segredos Revelados,2015,2h 9m1,"8,1"
. Amor à Flor da Pele,2000,1h 38m,"8,1"
. Gran Torino,2008,1h 56m,"8,1"
. Meu Amigo Totoro,1988,1h 26m,"8,1"
. Stalker,1979,2h 42m,"8,1"
. O Ódio,1995,1h 38m,"8,1"
. Ben-Hur,1959,3h 32m,"8,1"
. A Voz do Silêncio,2016,2h 10m,"8,1"
. Sindicato de Ladrões,1954,1h 48m,"8,1"
. Relatos Selvagens,2014,2h 2m1,"8,1"
. Touro Indomável,1980,2h 9m1,"8,1"
. Antes do Pôr do Sol,2004,1h 20m,"8,1"
. A Ponte do Rio Kwai,1957,2h 41m,"8,1"
. O Gigante de Ferro,1999,1h 26m,"8,1"
. Lua de Papel,1973,1h 42m,"8,1"
. O 3º Homem,1949,1h 44m,"8,1"
. O Sétimo Selo,1957,1h 36m,"8,1"
. Rebeldia Indomável,1967,2h 7m1,"8,1"
. Amores Brutos,2000,2h 34m,"8,1"
. A Fraternidade é Vermelha,1994,1h 39m,"8,1"
. Neon Genesis Evangelion: O Fim do Evangelho,1997,1h 27m,"8,1"
. Em Nome do Pai,1993,2h 13m,"8,1"
. Quando Duas Mulheres Pecam,1966,1h 25m,"8,1"
". Rebecca, a Mulher Inesquecível",1940,2h 10m,"8,1"
. O Homem que Matou o Facínora,1962,2h 4m1,"8,1"
. Aconteceu Naquela Noite,1934,1h 45m,"8,1"
. Hotel Ruanda,2004,2h 1m1,"8,1"
. PK,2014,2h 33m,"8,1"
. Mary e Max - Uma Amizade Diferente,2009,1h 32m,"8,1"
. As Vinhas da Ira,1940,2h 9m1,"8,1"
". Adeus, Minha Concubina",1993,2h 51m,"8,1"
. Crematório,2015,1h 49m,"8,1"
. Os Sapatinhos Vermelhos,1948,2h 15m,"8,1"
. Os Melhores Anos de Nossa Vida,1946,2h 50m,"8,1"
. Morangos Silvestres,1957,1h 31m,"8,1"
. Irmão Bajrangi,2015,2h 43m,"8,1"
. Sem Novidade no Front,1930,2h 32m,"8,1"
. O Salário do Medo,1953,2h 11m,"8,1"
. Fanny e Alexander,1982,3h 8m1,"8,1"
. A Batalha de Argel,1966,2h 1m1,"8,1"
. Era uma Vez em Tóquio,1953,2h 16m,"8,1"
. A Mulher Faz o Homem,1939,2h 9mL,"8,1"
. Os Incompreendidos,1959,1h 39m,"8,1"
. As Coisas Simples da Vida,2000,2h 53m,"8,1"
. As Diabólicas,1955,1h 57m,"8,1"
. Maomé - O Mensageiro de Alá,1976,2h 57m,"8,1"
. Lagaan - A Coragem de um Povo,2001,3h 44m,"8,1"
. Vida Cigana,1988,2h 22m,"8,1"
. Barfi!,2012,2h 31m,"8,1"
. Um Momento para Recordar,2004,1h 57m,"8,1"
. Crianças Lobo,2012,1h 57m,"8,1"
. O Vento Será Tua Herança,1960,2h 8mA,"8,1"
. O Martírio de Joana D'Arc,1928,1h 50m,"8,1"
. A Fortaleza Escondida,1958,2h 19m,"8,1"
. Escuridão,2005,2h 2mN,"8,1"
. A General,1926,1h 18m,"8,1"
. Ser ou Não Ser,1942,1h 39m,"8,1"
. O Samurai do Entardecer,2002,2h 9m1,"8,1"
. Sonata de Outono,1978,1h 39m,"8,1"
. O Exército das Sombras,1969,2h 25m,"8,1"
. Fúria Sanguinária,1949,1h 54m,"8,1"
. O Que o Coração Deseja,2001,3h 3mN,"8,1"
. Aurora,1927,1h 34m,"8,1"
. Lanternas Vermelhas,1991,2h 5mP,"8,1"
. Noites de Cabíria,1957,1h 50m,"8,1"
. Pink,2016,2h 16m,"8,1"
. Quarta-Feira,2008,1h 44m,"8,1"
. A Grande Ilusão,1937,1h 53m,"8,1"
. Em Busca do Ouro,1925,1h 35m,"8,1"
. A Montanha dos 7 Abutres,1951,1h 51m,"8,1"
. Cinzas,1975,3h 24m,"8,1"
. O Bandido,1996,2h 8mN,"8,1"
. Rififi,1955,1h 58m,"8,1"
. Jean de Florette,1986,2hPG,"8,1"
. Viridiana,1961,1h 31m,"8,1"
. Vai! Índia,2007,2h 33m,"8,1"
. Não Amarás,1988,1h 27m,"8,1"
. Tangerinas,2013,1h 27m,"8,1"
. Uma História,2012,2h 2m1,"8,1"
. OMG: Oh My God!,2012,2h 5mN,"8,1"
. Udaan,2010,2h 14m,"8,1"
. Munna Bhai M.B.B.S.,2003,2h 36m,"8,1"
. Pinte de Açafrão,2006,2h 47m,"8,1"
. Artigo 15,2019,2h 10m,"8,1"
. O Circo,1928,1h 12m,"8,1"
. Queen,2013,2h 26m,"8,1"
. Sarfarosh,1999,2h 54m,"8,1"
. Culpa Declarada,2015,2h 12m,"8,1"
. Her Sey Çok Güzel Olacak,1998,1h 47m,"8,1"
. Anand,1971,2h 2m1,"8,1"
. Deadpool,2016,1h 48m,"8,0"
. Duna,2021,2h 35m,"8,0"
. A Princesa Prometida,1987,1h 38m,"8,0"
. Blade Runner 2049,2017,2h 44m,"8,0"
. Guardiões da Galáxia,2014,2h 1m1,"8,0"
. La La Land: Cantando Estações,2016,2h 8mL,"8,0"
. Donnie Darko,2001,1h 53m,"8,0"
. Cisne Negro,2010,1h 48m,"8,0"
. The Avengers: Os Vingadores,2012,2h 23m,"8,0"
. Ela,2013,2h 6m1,"8,0"
. Dança com Lobos,1990,3h 1m1,"8,0"
. Perdido em Marte,2015,2h 24m,"8,0"
. Os Incríveis,2004,1h 55m,"8,0"
. 007 - Cassino Royale,2006,2h 24m,"8,0"
. O Regresso,2015,2h 36m,"8,0"
. Zootopia,2016,1h 48m,"8,0"
. O Planeta dos Macacos,1968,1h 52m,"8,0"
. Sin City: A Cidade do Pecado,2005,2h 4m1,"8,0"
. O Jogo da Imitação,2014,1h 54m,"8,0"
. Perfume de Mulher,1992,2h 36m,"8,0"
. O Bebê de Rosemary,1968,2h 17m,"8,0"
. Os 12 Macacos,1995,2h 9m1,"8,0"
. No Ritmo do Coração,2021,1h 51m,"8,0"
. Soul,2020,1h 40m,"8,0"
. Magnólia,1999,3h 8m1,"8,0"
. Aladdin,1992,1h 30m,"8,0"
. JFK: A Pergunta que Não Quer Calar,1991,3h 9m1,"8,0"
. O Jovem Frankenstein,1974,1h 46m,"8,0"
. À Procura da Felicidade,2006,1h 57m,"8,0"
. Rain Man,1988,2h 13m,"8,0"
. Kill Bill: Volume 2,2004,2h 17m,"8,0"
. Perfect Blue,1997,1h 21m,"8,0"
. A Bela e a Fera,1991,1h 24m,"8,0"
. A Primeira Noite de um Homem,1967,1h 46m,"8,0"
. Feitiço do Tempo,1993,1h 41m,"8,0"
. Diamante de Sangue,2006,2h 23m,"8,0"
. O Ultimato Bourne,2007,1h 55m,"8,0"
. Um Contratempo,2016,1h 46m,"8,0"
. Quem Quer Ser um Milionário?,2008,2h16,"8,0"
. Peixe Grande e suas Histórias Maravilhosas,2003,2h 5mL,"8,0"
. Faça a Coisa Certa,1989,2h12,"8,0"
. Um Dia de Cão,1975,2h 5m1,"8,0"
. Dogville,2003,2h 58m,"8,0"
. O Discurso do Rei,2010,1h 58m,"8,0"
. Papillon,1973,2h 31m,"8,0"
. Akira,1988,2h 4m1,"8,0"
. Amores Expressos,1994,1h 42m,"8,0"
. Lion: Uma Jornada para Casa,2016,1h 58m,"8,0"
. Na Corda Bamba,1996,2h 15m,"8,0"
. Anatomia de um Crime,1959,2h 41m,"8,0"
. A Vida de Brian,1979,1h 34m,"8,0"
. Butch Cassidy,1969,1h 50m,"8,0"
". Noivo Neurótico, Noiva Nervosa",1977,1h 33m,"8,0"
. O Mensageiro do Diabo,1955,1h 32m,"8,0"
. O que Terá Acontecido a Baby Jane?,1962,2h 14m,"8,0"
. Baahubali: O Início,2015,2h 39m,"8,0"
. Onde Começa o Inferno,1959,2h 21m,"8,0"
. A Última Sessão de Cinema,1971,1h 58m,"8,0"
. A Doce Vida,1960,2h 54m,"8,0"
. Nausicaä do Vale do Vento,1984,1h 57m,"8,0"
. Uma História Real,1999,1h 52m,"8,0"
. O Castelo no Céu,1986,2h 5mL,"8,0"
. O Grande Mestre,2008,1h 46m,"8,0"
. A Luta pela Esperança,2005,2h 24m,"8,0"
. 8½,1963,2h 18m,"8,0"
. A Princesa e o Plebeu,1953,1h 58m,"8,0"
. Gandhi,1982,3h 11m,"8,0"
. Um Violinista no Telhado,1971,3h 1mL,"8,0"
. O Samurai,1967,1h 45m,"8,0"
. Tropa de Elite,2007,1h 55m,"8,0"
. Quem Tem Medo de Virginia Woolf?,1966,2h 11m,"8,0"
. Fitzcarraldo,1982,2h 38m,"8,0"
. Conflitos Internos,2002,1h 41m,"8,0"
. Pink Floyd - The Wall,1982,1h 35m,"8,0"
. Mommy,2014,2h 19m,"8,0"
. Uma Mulher Sob Influência,1974,2h 35m,"8,0"
. O Conto da Princesa Kaguya,2013,2h 17m,"8,0"
. A Marca da Maldade,1958,1h 35m,"8,0"
. Festa de Família,1998,1h 45m,"8,0"
. Wolfwalkers,2020,1h 43m,"8,0"
. Desafio à Corrupção,1961,2h 14m,"8,0"
. Segredos e Mentiras,1996,2h 16m,"8,0"
. O Gabinete do Dr. Caligari,1920,1h 16m,"8,0"
. Underground: Mentiras de Guerra,1995,2h 50m,"8,0"
. Ninguém Pode Saber,2004,2h 21m,"8,0"
. A Embriaguez do Sucesso,1957,1h 36m,"8,0"
. Fuga do Passado,1947,1h 37m,"8,0"
. A Lenda do Pianista do Mar,1998,2h 49m,"8,0"
. Ironias do Amor,2001,2h 17m,"8,0"
. Andrei Rublev,1966,3h 9m1,"8,0"
. O Inferno Nº 17,1953,2h14,"8,0"
. Desencanto,1945,1h 26m,"8,0"
. A Canção do Mar,2014,1h 33m,"8,0"
". Gata Preta, Gato Branco",1998,2h 7mR,"8,0"
. A Fonte da Donzela,1960,1h 29m,"8,0"
. Sono de Inverno,2014,3h 16m,"8,0"
". Quo vadis, Aida?",2020,1h 41m,"8,0"
. Dilwale Dulhania Le Jayenge,1995,3h 9mL,"8,0"
. Persépolis,2007,1h 36m,"8,0"
. Gritos e Sussurros,1972,1h 31m,"8,0"
. O Escafandro e a Borboleta,2007,1h 52m,"8,0"
. Trono Manchado de Sangue,1957,1h 50m,"8,0"
. Mar Adentro,2004,2h 6m1,"8,0"
. A Loja da Esquina,1940,1h 39m,"8,0"
. Central do Brasil,1998,1h 50m,"8,0"
. Jogo Mortal,1972,2h 18m,"8,0"
. Tropa de Elite 2: O Inimigo Agora é Outro,2010,1h 55m,"8,0"
". Primavera, Verão, Outono, Inverno... e Primavera",2003,1h 43m,"8,0"
. A Partida,2008,2h 10m,"8,0"
. Haider,2014,2h 40m,"8,0"
. A Estrada da Vida,1954,1h 48m,"8,0"
. A Infância de Ivan,1962,1h 35m,"8,0"
. As Oito Vítimas,1949,1h 46m,"8,0"
". Adeus, Meninos",1987,1h 44m,"8,0"
. O Anjo Exterminador,1962,1h 35m,"8,0"
. A Árvore dos Frutos Selvagens,2018,3h 8m1,"8,0"
. Sanjuro,1962,1h 36m,"8,0"
. A Irmandade da Guerra,2004,2h 20m,"8,0"
". Roma, Cidade Aberta",1945,1h 43m,"8,0"
. Luz de Inverno,1963,1h 21m,"8,0"
. M.S. Dhoni: The Untold Story,2016,3h 4mN,"8,0"
. G.O.R.A.,2004,2h 7m,"8,0"
. Vizontele,2001,1h 50m,"8,0"
. Andaz Apna Apna,1994,2h 40m,"8,0"
. Nefes: Vatan Sagolsun,2009,2h 8m,"8,0"
. Special Chabbis,2013,2h 24m,"8,0"
. Siga em Frente Munna Bhai,2006,2h 24m,"8,0"
. Titanic,1997,3h 14m,"7,9"
. Pobres Criaturas,2023,2h 21m,"7,9"
. X-Men: Dias de um Futuro Esquecido,2014,2h 12m,"7,9"
. Dias Perfeitos,2023,2h 4m1,"7,9"
. Os Rejeitados,2023,2h 13m,"7,9"
. Guardiões da Galáxia Vol. 3,2023,2h 30m,"7,9"
. Cidade dos Sonhos,2001,2h 27m,"7,9"
. Entre Facas e Segredos,2019,2h 10m,"7,9"
. A Chegada,2016,1h 56m,"7,9"
. Homem de Ferro,2008,2h 6m1,"7,9"
. Thor: Ragnarok,2017,2h 10m,"7,9"
. Boogie Nights: Prazer Sem Limites,1997,2h 35m,"7,9"
. Avatar,2009,2h 42m,"7,9"
. Harry Potter e o Prisioneiro de Azkaban,2004,2h 22m,"7,9"
. Shrek,2001,1h 30m,"7,9"
. Todo Mundo Quase Morto,2004,1h 39m,"7,9"
. Bohemian Rhapsody,2018,2h 14m,"7,9"
. No Limite do Amanhã,2014,1h 53m,"7,9"
. O Grande Golpe,1956,1h 24m,"7,9"
. Amor à Queima Roupa,1993,1h 59m,"7,9"
. E.T.: O Extraterrestre,1982,1h 55m,"7,9"
. Liga da Justiça de Zack Snyder,2021,4h 2m1,"7,9"
. Quase Famosos,2000,2h 2m1,"7,9"
. Star Trek,2009,2h 7m1,"7,9"
. As Vantagens de Ser Invisível,2012,1h 43m,"7,9"
. Filhos da Esperança,2006,1h 49m,"7,9"
. Jojo Rabbit,2019,1h 48m,"7,9"
. Extraordinário,2017,1h 53m,"7,9"
. Na Mira do Chefe,2008,1h 47m,"7,9"
. Sobre Meninos e Lobos,2003,2h 18m,"7,9"
. Boyhood - Da Infância à Juventude,2014,2h 45m,"7,9"
. Os Irmãos Cara de Pau,1980,2h 13m,"7,9"
. O Tigre e o Dragão,2000,2h12,"7,9"
. Por Um Punhado de Dólares,1964,1h 39m,"7,9"
. O Fantástico Sr. Raposo,2009,1h 27m,"7,9"
. Edward Mãos de Tesoura,1990,1h 45m,"7,9"
. Distrito 9,2009,1h 52m,"7,9"
. Nosferatu,1922,1h 34m,"7,9"
. Toy Story 2,1999,1h 32m,"7,9"
. Spartacus,1960,3h 17m,"7,9"
. O Estranho Mundo de Jack,1993,1h 16m,"7,9"
. Marcados Pelo Sangue,1993,3h18,"7,9"
. Isto é Spinal Tap,1984,1h 22m,"7,9"
. História de um Casamento,2019,2h 17m,"7,9"
. As Aventuras de Pi,2012,2h 7m1,"7,9"
. Clube de Compras Dallas,2013,1h 57m,"7,9"
. O Pagamento Final,1993,2h 24m,"7,9"
. Ensina-me a Viver,1971,1h 31m,"7,9"
. Sing Street: Música e Sonho,2016,1h 46m,"7,9"
. O Fantasma do Futuro,1995,1h 23m,"7,9"
. Os Dez Mandamentos,1956,3h 40m,"7,9"
. Antes da Meia-Noite,2013,1h 49m,"7,9"
. Muito Além do Jardim,1979,2h 10m,"7,9"
. Sob o Domínio do Mal,1962,2h 6m1,"7,9"
. Herói,2002,2h14,"7,9"
. Todos os Homens do Presidente,1976,2h 18m,"7,9"
. Solaris,1972,2h 47m,"7,9"
. Doutor Jivago,1965,3h 17m,"7,9"
. O Lutador,2008,1h 49m,"7,9"
. Matar ou Morrer,1952,1h 25m,"7,9"
. Meu Ódio Será Sua Herança,1969,2h 15m,"7,9"
. Asas do Desejo,1987,2h 8mL,"7,9"
. Uma Rua Chamada Pecado,1951,2h 2m1,"7,9"
. Pacto Sinistro,1951,1h 41m,"7,9"
. Uma História de Natal,1983,1h 33m,"7,9"
. Togo,2019,1h 53m,"7,9"
. No Calor da Noite,1967,1h 50m,"7,9"
. King Kong,1933,1h 40m,"7,9"
. Assunto de Família,2018,2h 1m1,"7,9"
. Festim Diabólico,1948,1h 20m,"7,9"
. Dançando no Escuro,2000,2h 20m,"7,9"
. Operação Invasão 2,2014,2h 30m,"7,9"
. Gata em Teto de Zinco Quente,1958,1h 48m,"7,9"
". Patton, Rebelde ou Herói?",1970,2h 52m,"7,9"
. O Falcão Maltês,1941,1h 40m,"7,9"
. Interlúdio,1946,1h 42m,"7,9"
. Núpcias de Escândalo,1940,1h 52m,"7,9"
. O Artista,2011,1h 40m,"7,9"
. O Leão no Inverno,1968,2h 14m,"7,9"
. O Espelho,1975,1h 47m,"7,9"
. À Beira do Abismo,1946,1h 54m,"7,9"
. O Amor e a Fúria,1994,1h 42m,"7,9"
. No Silêncio da Noite,1950,1h 34m,"7,9"
. A Sangue Frio,1967,2h 14m,"7,9"
. O Leopardo,1963,3h 6m1,"7,9"
. O Motorista de Táxi,2017,2h 17m,"7,9"
. Meu Nome é Khan,2010,2h 45m,"7,9"
. Os Corruptos,1953,1h 29m,"7,9"
. Temporário 12,2013,1h 36m,"7,9"
. As Aventuras de Robin Hood,1938,1h 42m,"7,9"
. Amor,2012,2h 7m1,"7,9"
. O Sacrifício,1986,2h 29m,"7,9"
. Laura,1944,1h 28m,"7,9"
. Fale com Ela,2002,1h 52m,"7,9"
. Meu Amigo Harvey,1950,1h 44m,"7,9"
. O Conformista,1970,1h 53m,"7,9"
. Casa Vazia,2004,1h 28m,"7,9"
. Este Mundo é um Hospício,1944,1h 58m,"7,9"
. O Círculo Vermelho,1970,2h 20m,"7,9"
. Nostalgia,1983,2h 5mN,"7,9"
. Contra a Parede,2004,2h 1m1,"7,9"
. Alma em Suplício,1945,1h 51m,"7,9"
. De Ilusão Também se Vive,1947,1h 36m,"7,9"
. Quando nos Encontrarmos,2007,2h 18m,"7,9"
". Kagemusha, a Sombra de um Samurai",1980,3hPG,"7,9"
. Terra de Ninguém,2001,1h 38m,"7,9"
. A Ceia dos Acusados,1934,1h 31m,"7,9"
. Farrapo Humano,1945,1h 41m,"7,9"
. Ascensor para o Cadafalso,1958,1h 31m,"7,9"
. Procurando Elly,2009,1h 59m,"7,9"
. Nove Rainhas,2000,1h 54m,"7,9"
. Dev.D,2009,2h 24m,"7,9"
. A Bela e a Fera,1946,1h 36m,"7,9"
". Irene, a Teimosa",1936,1h 34m,"7,9"
. Contrastes Humanos,1941,1h 30m,"7,9"
. A Regra do Jogo,1939,1h 50m,"7,9"
". 4 Meses, 3 Semanas e 2 Dias",2007,1h 53m,"7,9"
. Gully Boy: A Voz das Ruas,2019,2h 34m,"7,9"
. O Retorno,2003,1h 50m,"7,9"
. O Segredo de Aman,2003,3h 6m1,"7,9"
. O Encouraçado Potemkin,1925,1h 15m,"7,9"
. Através de um Espelho,1961,1h 30m,"7,9"
. Homem-Absorvente,2018,2h 20m,"7,9"
. Hoje Eu Quero Voltar Sozinho,2014,1h 36m,"7,9"
. Badhaai ho,2018,2h 4mN,"7,9"
. Super 30,2019,2h 34m,"7,9"
. Baby,2015,2h 39m,"7,9"
. Transporte Aéreo,2016,2h 10m,"7,9"
. Divertida Mente 2,2024,1h 36m,"7,8"
. Batman,2022,2h 56m,"7,8"
. Os Caça-Fantasmas,1984,1h 45m,"7,8"
. Se Brincar o Bicho Morde,1993,1h 41m,"7,8"
. Magnatas do Crime,2019,1h 53m,"7,8"
. Corra!,2017,1h 44m,"7,8"
. Orgulho & Preconceito,2005,2h 9mL,"7,8"
. Tudo em Todo o Lugar ao Mesmo Tempo,2022,2h 19m,"7,8"
. Apocalypto,2006,2h 19m,"7,8"
. Millennium: Os Homens que Não Amavam as Mulheres,2011,2h 38m,"7,8"
. Clube dos Cinco,1985,1h 37m,"7,8"
. Diário de uma Paixão,2004,2h 3m1,"7,8"
. Curtindo a Vida Adoidado,1986,1h 43m,"7,8"
. Estrelas Além do Tempo,2016,2h 7mL,"7,8"
. Vidas Passadas,2023,1h 45m,"7,8"
. Me Chame pelo Seu Nome,2017,2h 12m,"7,8"
. Questão de Tempo,2013,2h 3m1,"7,8"
. A Fantástica Fábrica de Chocolate,1971,1h 40m,"7,8"
. Tombstone: A Justiça Está Chegando,1993,2h 10m,"7,8"
. O Predador,1987,1h 47m,"7,8"
. O Hobbit: Uma Jornada Inesperada,2012,2h 49m,"7,8"
. Adoráveis Mulheres,2019,2h 15m,"7,8"
. Capitão Fantástico,2016,1h 58m,"7,8"
. Drive,2011,1h 40m,"7,8"
. A Identidade Bourne,2002,1h 59m,"7,8"
. Os Oito Odiados,2015,2h 48m,"7,8"
. Desafio no Bronx,1993,2h 1m1,"7,8"
. Monstro,2023,2h 7m1,"7,8"
. Chumbo Grosso,2007,2h 1m1,"7,8"
. Gato de Botas 2: O Último Pedido,2022,1h 42m,"7,8"
. A Sociedade da Neve,2023,2h 24m,"7,8"
. Dunkirk,2017,1h 46m,"7,8"
. De Volta para o Futuro 2,1989,1h 48m,"7,8"
. O Irlandês,2019,3h 29m,"7,8"
. A Grande Aposta,2015,2h 10m,"7,8"
. Capitão América: Guerra Civil,2016,2h 27m,"7,8"
. Star Wars: O Despertar da Força,2015,2h 18m,"7,8"
. A Rede Social,2010,2h14,"7,8"
. O Fugitivo,1993,2h 10m,"7,8"
. O Gângster,2007,2h 37m,"7,8"
. O Abutre,2014,1h 57m,"7,8"
. Rogue One: Uma História Star Wars,2016,2h 13m,"7,8"
. Náufrago,2000,2h 23m,"7,8"
. Desejo e Reparação,2007,2h 3m1,"7,8"
. Duelo de Titãs,2000,1h 53m,"7,8"
. 007 - Operação Skyfall,2012,2h 23m,"7,8"
. Manchester à Beira-Mar,2016,2h 17m,"7,8"
. Nada de Novo no Front,2022,2h 28m,"7,8"
". RRR: Revolta, Rebelião, Revolução",2022,3h 7m1,"7,8"
. O Curioso Caso de Benjamin Button,2008,2h 46m,"7,8"
. Perdidos na Noite,1969,1h 53m,"7,8"
. Eu Vi o Diabo,2010,2h 24m,"7,8"
. O Homem da Terra,2007,1h 27m,"7,8"
. Os Intocáveis,1987,1h 59m,"7,8"
. Pequena Miss Sunshine,2006,1h 41m,"7,8"
. Mary Poppins,1964,2h 19m,"7,8"
. O Hobbit: A Desolação de Smaug,2013,2h 41m,"7,8"
. Brazil: O Filme,1985,2h 12m,"7,8"
. Louca Obsessão,1990,1h 47m,"7,8"
. Serenity: A Luta pelo Amanhã,2005,1h 59m,"7,8"
. Treze Vidas: O Resgate,2022,2h 27m,"7,8"
. Operação Big Hero,2014,1h 42m,"7,8"
. Moonrise Kingdom,2012,1h 34m,"7,8"
. O Dia do Chacal,1973,2h 23m,"7,8"
. Os Homens que Não Amavam as Mulheres,2009,2h 32m,"7,8"
. Close,2022,1h 44m,"7,8"
. Johnny & June,2005,2h 16m,"7,8"
. O Último Samurai,2003,2h 34m,"7,8"
. Os Donos da Rua,1991,1h 52m,"7,8"
. Capitão Phillips,2013,2h 14m,"7,8"
. Vestígios do Dia,1993,2h 14m,"7,8"
. Dublê de Anjo,2006,1h 57m,"7,8"
. A Incrível Aventura de Rick Baker,2016,1h 41m,"7,8"
. Lunar,2009,1h 37m,"7,8"
. Deixa Ela Entrar,2008,1h 54m,"7,8"
. O Informante,1999,2h 37m,"7,8"
. O Serviço de Entregas da Kiki,1989,1h 43m,"7,8"
. Como Treinar o Seu Dragão 2,2014,1h 42m,"7,8"
. Rastros de Ódio,1956,1h 59m,"7,8"
. Cabaret,1972,2h 4mP,"7,8"
. Kramer vs. Kramer,1979,1h 45m,"7,8"
. Zombie: O Despertar dos Mortos,1978,2h 7m1,"7,8"
. O Vencedor,2010,1h 56m,"7,8"
". Josey Wales, o Fora da Lei",1976,2h 15m,"7,8"
. Os Eleitos: Onde o Futuro Começa,1983,3h 13m,"7,8"
. Paddington 2,2017,1h 43m,"7,8"
. Mississippi em Chamas,1988,2h 8m1,"7,8"
. Tempo de Despertar,1990,2h 1m1,"7,8"
. Straight Outta Compton: A História do N.W.A.,2015,2h 27m,"7,8"
. Vidas ao Vento,2013,2h 6m1,"7,8"
. Ilha dos Cachorros,2018,1h 41m,"7,8"
. A Noite dos Mortos-Vivos,1968,1h 36m,"7,8"
. Charada,1963,1h 53m,"7,8"
. O Rei da Comédia,1982,1h 49m,"7,8"
. Jujutsu Kaisen 0,2021,1h 45m,"7,8"
. Tempo de Glória,1989,2h 2m1,"7,8"
. Ed Wood,1994,2h 7m1,"7,8"
. Desafiando os Limites,2005,2h 7m1,"7,8"
. O Melhor Lance,2013,2h 11m,"7,8"
. O Show Deve Continuar,1979,2h 3mR,"7,8"
. O Céu de Outubro,1999,1h 48m,"7,8"
. Sussurros do Coração,1995,1h 51m,"7,8"
. Meu Pé Esquerdo,1989,1h 43m,"7,8"
. Adivinhe Quem vem para Jantar,1967,1h 48m,"7,8"
. Manhattan,1979,1h 36m,"7,8"
". Aguirre, a Cólera dos Deuses",1972,1h 35m,"7,8"
. Ondas do Destino,1996,2h 39m,"7,8"
. Para Sempre Lilya,2002,1h 49m,"7,8"
. O Caçador,2008,2h 5m1,"7,8"
. O Profeta,2009,2h 35m,"7,8"
. Apenas Uma Vez,2007,1h 26m,"7,8"
. À Meia Luz,1944,1h 54m,"7,8"
. Vidas Amargas,1955,1h 58m,"7,8"
. Frankenstein,1931,1h 10m,"7,8"
. Orgulho e Esperança,2014,1h 59m,"7,8"
. Os Gritos do Silêncio,1984,2h 21m,"7,8"
. A Liberdade é Azul,1993,1h 34m,"7,8"
. Monstros,1932,1h 4m1,"7,8"
. No Tempo das Diligências,1939,1h 36m,"7,8"
. Ninja Scroll,1993,1h 34m,"7,8"
. Tudo Sobre Minha Mãe,1999,1h 41m,"7,8"
. Cartas de Iwo Jima,2006,2h 21m,"7,8"
. Batman: A Máscara do Fantasma,1993,1h 16m,"7,8"
. Hannah e suas Irmãs,1986,1h 47m,"7,8"
". Com Amor, Van Gogh",2017,1h 34m,"7,8"
. A Sombra de uma Dúvida,1943,1h 48m,"7,8"
. Rio Vermelho,1948,2h 13m,"7,8"
. A Fita Branca,2009,2h 24m,"7,8"
. Uma Aventura na Martinica,1944,1h 40m,"7,8"
. Jejum de Amor,1939,1h 32m,"7,8"
. O Segredo das Joias,1950,1h 52m,"7,8"
. Cowboy Bebop: O Filme,2001,1h 55m,"7,8"
. O Discreto Charme da Burguesia,1972,1h 42m,"7,8"
. Veer-Zaara,2004,3h 12m,"7,8"
. Playtime - Tempo de Diversão,1967,2h 35m,"7,8"
. A Noiva de Frankenstein,1935,1h 15m,"7,8"
. Levada da Breca,1938,1h 42m,"7,8"
. Cléo das 5 às 7,1962,1h 30m,"7,8"
". Hiroshima, Meu Amor",1959,1h 30m,"7,8"
. A Lancheira,2013,1h 44m,"7,8"
. Terra de Minas,2015,1h 40m,"7,8"
. Padrinhos de Tóquio,2003,1h 32m,"7,8"
. Do Mundo Nada se Leva,1938,2h 6mL,"7,8"
. Os Guarda-Chuvas do Amor,1964,1h 31m,"7,8"
. Amarcord,1973,2h 3m1,"7,8"
. Grandes Esperanças,1946,1h 58m,"7,8"
. O Carteiro e o Poeta,1994,1h 48m,"7,8"
. Atriz Milenar,2001,1h 27m,"7,8"
. Viver a Vida,1962,1h 20m,"7,8"
. A Voz do Coração,2004,1h 37m,"7,8"
. Era uma Vez na Anatolia,2011,2h 37m,"7,8"
. Pais e Filhos,2013,2h 1mL,"7,8"
. Crimes e Pecados,1989,1h 44m,"7,8"
. Uma Noite na Ópera,1935,1h 36m,"7,8"
". Eu, Daniel Blake",2016,1h 40m,"7,8"
. Linha de Partida,2017,2h 12m,"7,8"
. Knockin' on Heaven's Door,1997,1h 27m,"7,8"
. O Natal dos Muppets,1992,1h 25m,"7,8"
. Minha Vida de Abobrinha,2016,1h 6m1,"7,8"
. C.R.A.Z.Y. - Loucos de Amor,2005,2h 9m1,"7,8"
. Um Soldado Apaixonado,2004,3h 6mN,"7,8"
. English Vinglish,2012,2h 14m,"7,8"
. Missão: Impossível - Acerto de Contas Parte Um,2023,2h 43m,"7,7"
. Godzilla Minus One,2023,2h 4m1,"7,7"
. X-Men: Primeira Classe,2011,2h 11m,"7,7"
. John Wick 4: Baba Yaga,2023,2h 49m,"7,7"
. Anatomia de uma Queda,2023,2h 31m,"7,7"
. Os Goonies,1985,1h 54m,"7,7"
. Veludo Azul,1986,2h16,"7,7"
. Vidas em Jogo,1997,2h 9m1,"7,7"
. Todos Nós Desconhecidos,2023,1h 45m,"7,7"
". Se Beber, Não Case!",2009,1h 40m,"7,7"
. Zodíaco,2007,2h 37m,"7,7"
. (500) Dias com Ela,2009,1h 35m,"7,7"
. Harry Potter e o Cálice de Fogo,2005,2h 37m,"7,7"
. Sicario: Terra de Ninguém,2015,2h 1m1,"7,7"
. Kingsman: Serviço Secreto,2014,2h 9m1,"7,7"
. O Segredo de Brokeback Mountain,2005,2h 14m,"7,7"
. Ex Machina: Instinto Artificial,2014,1h 48m,"7,7"
. Onze Homens e um Segredo,2001,1h 56m,"7,7"
. Questão de Honra,1992,2h 18m,"7,7"
". Apertem os Cintos, o Piloto Sumiu",1980,1h 28m,"7,7"
. Azul é a Cor Mais Quente,2013,3h18,"7,7"
. Encontros e Desencontros,2003,1h 42m,"7,7"
. Coraline e o Mundo Secreto,2009,1h 40m,"7,7"
. Falcão Negro em Perigo,2001,2h 24m,"7,7"
. Os Banshees de Inisherin,2022,1h 54m,"7,7"
. Busca Implacável,2008,1h 30m,"7,7"
. Tomates Verdes Fritos,1991,2h 10m,"7,7"
. Harry Potter e as Relíquias da Morte - Parte 1,2010,2h 26m,"7,7"
. A Pior Pessoa do Mundo,2021,2h 8m1,"7,7"
. Esqueceram de Mim,1990,1h 43m,"7,7"
. Missão: Impossível - Efeito Fallout,2018,2h 27m,"7,7"
. Dia de Treinamento,2001,2h 2m1,"7,7"
. O Conde de Monte Cristo,2002,2h 11m,"7,7"
. Enrolados,2010,1h 40m,"7,7"
. Banzé no Oeste,1974,1h 33m,"7,7"
. Amargo Pesadelo,1972,1h 49m,"7,7"
. Apollo 13: Do Desastre ao Triunfo,1995,2h 20m,"7,7"
. Melhor é Impossível,1997,2h 19m,"7,7"
. Gattaca: A Experiência Genética,1997,1h 46m,"7,7"
". E Aí, Meu Irmão, Cadê Você?",2000,1h 47m,"7,7"
. Terra Selvagem,2017,1h 47m,"7,7"
. A Supremacia Bourne,2004,1h 48m,"7,7"
. Toy Story 4,2019,1h 40m,"7,7"
. Sete Homens e um Destino,1960,2h 8m1,"7,7"
. Halloween - A Noite do Terror,1978,1h 31m,"7,7"
. Uma Aventura Lego,2014,1h 40m,"7,7"
. Chamas da Vingança,2004,2h 26m,"7,7"
. As Duas Faces de um Crime,1996,2h 9m1,"7,7"
. E Sua Mãe Também,2001,1h 46m,"7,7"
. Gilbert Grape: Aprendiz de Sonhador,1993,1h 58m,"7,7"
. Mulan,1998,1h 27m,"7,7"
. Capitão América: O Soldado Invernal,2014,2h 16m,"7,7"
. Argo,2012,2h14,"7,7"
. Gravidade,2013,1h 31m,"7,7"
. Detona Ralph,2012,1h 41m,"7,7"
. Rambo - Programado Para Matar,1982,1h 33m,"7,7"
. Uma Cilada para Roger Rabbit,1988,1h 44m,"7,7"
. Birdman ou (A Inesperada Virtude da Ignorância),2014,1h 59m,"7,7"
. Razão e Sensibilidade,1995,2h 16m,"7,7"
. O Lado Bom da Vida,2012,2h 2m1,"7,7"
. O Nome da Rosa,1986,2h 10m,"7,7"
. Harry e Sally - Feitos um para o Outro,1989,1h 35m,"7,7"
. A Conversação,1974,1h 53m,"7,7"
. Bonnie e Clyde: Uma Rajada de Balas,1967,1h 51m,"7,7"
. A Culpa é das Estrelas,2014,2h 6m1,"7,7"
. Druk - Mais Uma Rodada,2020,1h 57m,"7,7"
. Perseguidor Implacável,1971,1h 42m,"7,7"
. Crash: No Limite,2004,1h 52m,"7,7"
. Xeque-Mate,2006,1h 50m,"7,7"
. A Montanha Sagrada,1973,1h 54m,"7,7"
. Operação França,1971,1h 44m,"7,7"
. Sr. Ninguém,2009,2h 21m,"7,7"
. A Teoria de Tudo,2014,2h 3m1,"7,7"
. O Som do Silêncio,2019,2h14,"7,7"
. Império do Sol,1987,2h 33m,"7,7"
. Estrada para Perdição,2002,1h 57m,"7,7"
. A Troca,2008,2h 21m,"7,7"
. O Primeiro Amor,2010,1h 30m,"7,7"
. Donnie Brasco,1997,2h 7m1,"7,7"
. A Espiã,2006,2h 25m,"7,7"
. O Menino do Pijama Listrado,2008,1h 34m,"7,7"
. Nu,1993,2h 11m,"7,7"
. O Comboio do Medo,1977,2h 1mP,"7,7"
. Quero Ser John Malkovich,1999,1h 53m,"7,7"
". Eu, Você e a Garota Que Vai Morrer",2015,1h 45m,"7,7"
. O Sucesso a Qualquer Preço,1992,1h 40m,"7,7"
. Gente como a Gente,1980,2h 4m1,"7,7"
. Além da Escuridão: Star Trek,2013,2h 12m,"7,7"
. O Silêncio do Lago,1988,1h 47m,"7,7"
. Adaptação,2002,1h 55m,"7,7"
. Jornada nas Estrelas II: A Ira de Khan,1982,1h 53m,"7,7"
. Mother: A Busca pela Verdade,2009,2h 9m1,"7,7"
. Billy Elliot,2000,1h 50m,"7,7"
. Filadélfia,1993,2h 5m1,"7,7"
. 007 Contra Goldfinger,1964,1h 50m,"7,7"
. Felicidade,1998,2h 14m,"7,7"
. A Cor Púrpura,1985,2h 34m,"7,7"
. Kung-Fusão,2004,1h 39m,"7,7"
. Os 7 de Chicago,2020,2h 9m1,"7,7"
. Uma Noite Alucinante 2,1987,1h 24m,"7,7"
. Vampiros de Almas,1956,1h 20m,"7,7"
. Terra de Ninguém,1973,1h 34m,"7,7"
. O Balconista,1994,1h 32m,"7,7"
. Isto é Inglaterra,2006,1h 41m,"7,7"
. O Dia em que a Terra Parou,1951,1h 32m,"7,7"
". South Park: Maior, Melhor e Sem Cortes",1999,1h 21m,"7,7"
. O Matador,1989,1h 51m,"7,7"
. Paprika,2006,1h 30m,"7,7"
. Serpico,1973,2h 10m,"7,7"
. O Mais Longo dos Dias,1962,2h 58m,"7,7"
. Os Doze Condenados,1967,2h 30m,"7,7"
. Malcolm X,1992,3h 22m,"7,7"
. Roma,2018,2h 15m,"7,7"
. Minha Bela Dama,1964,2h 50m,"7,7"
. Cinzas no Paraíso,1978,1h 34m,"7,7"
. Ajuste Final,1990,1h 55m,"7,7"
. O Último Imperador,1987,2h 43m,"7,7"
. A Grande Beleza,2013,2h 21m,"7,7"
. O Substituto,2011,1h 38m,"7,7"
. O Homem de Lugar Nenhum,2010,1h 59m,"7,7"
. Depois do Vendaval,1952,2h 9m1,"7,7"
. Porco Rosso - O Último Herói Romântico,1992,1h 34m,"7,7"
. Perfeitos Desconhecidos,2016,1h 36m,"7,7"
. Zulu,1964,2h 18m,"7,7"
. Paixões em Fúria,1948,1h 40m,"7,7"
. Ray,2004,2h 32m,"7,7"
. Beasts of No Nation,2015,2h 17m,"7,7"
. Um Clarão nas Trevas,1967,1h 48m,"7,7"
. Hamlet,1996,4h 2m1,"7,7"
. Fantasia,1940,2h 4mL,"7,7"
. Nebraska,2013,1h 55m,"7,7"
. Um Homem Chamado Ove,2015,1h 56m,"7,7"
. Em Busca da Terra do Nunca,2004,1h 46m,"7,7"
. O Veredicto,1982,2h 9m1,"7,7"
. Narciso Negro,1947,1h 41m,"7,7"
. Kubo e as Cordas Mágicas,2016,1h 41m,"7,7"
. Planeta Fantástico,1973,1h 12m,"7,7"
. Uma Aventura na África,1951,1h 45m,"7,7"
. Preso na Escuridão,1997,1h 59m,"7,7"
. Waking Life,2001,1h 39m,"7,7"
. Acossado,1960,1h 30m,"7,7"
. Paixão dos Fortes,1946,1h 37m,"7,7"
. Nunca Deixe de Lembrar,2018,3h 9m1,"7,7"
". Hedwig: Rock, Amor e Traição",2001,1h 35m,"7,7"
. Sonhos,1990,1h 59m,"7,7"
. Fervura Máxima,1992,2h 8m1,"7,7"
. Meu Jantar com André,1981,1h 50m,"7,7"
. O Homem que Não Vendeu sua Alma,1966,2hLivr,"7,7"
. A Dupla Vida de Véronique,1991,1h 38m,"7,7"
. Uma Noite Sobre a Terra,1991,2h 9mR,"7,7"
. Scarface: A Vergonha de uma Nação,1932,1h 33m,"7,7"
. As Bicicletas de Belleville,2003,1h 20m,"7,7"
. Confissões,2010,1h 46m,"7,7"
. O Homem que Queria ser Rei,1975,2h 9mP,"7,7"
. A Mulher Oculta,1938,1h 36m,"7,7"
. Frost/Nixon,2008,2h 2m1,"7,7"
". Adeus, Lenin!",2003,2h 1m1,"7,7"
. Evil - Raízes do Mal,2003,1h 53m,"7,7"
. Círculo do Medo,1962,1h 46m,"7,7"
. Alabama Monroe,2012,1h 51m,"7,7"
. Daunbailó,1986,1h 47m,"7,7"
. Diários de Motocicleta,2004,2h 6m1,"7,7"
. Gosto de Cereja,1997,1h 35m,"7,7"
. Jules e Jim - Uma Mulher para Dois,1962,1h 45m,"7,7"
. Os Inocentes,1961,1h 40m,"7,7"
. O Diabo a Quatro,1933,1h 9mL,"7,7"
. O Apartamento,2016,2h 4m1,"7,7"
. A Experiência,2001,2h18,"7,7"
. Como Era Verde o Meu Vale,1941,1h 58m,"7,7"
. Terra de Sonhos,2002,1h 45m,"7,7"
. Em Nome de Deus,2002,1h 54m,"7,7"
. A Garota que Conquistou o Tempo,2006,1h 38m,"7,7"
. Zona de Risco,2000,1h 50m,"7,7"
. Entre o Bem e o Mal,2005,1h 34m,"7,7"
. Depois do Casamento,2006,2h12,"7,7"
. A Aventura,1960,2h 24m,"7,7"
. A Rosa Púrpura do Cairo,1985,1h 22m,"7,7"
. A Ganha-Pão,2017,1h 34m,"7,7"
. Fogos de Artifício,1997,1h 43m,"7,7"
. Do Outro Lado,2007,2h 2mN,"7,7"
. O Passado,2013,2h 10m,"7,7"
. Zelig,1983,1h 19m,"7,7"
. Vicky Donor,2012,2h 6mN,"7,7"
. Deadpool 2,2018,1h 59m,"7,6"
. Furiosa: Uma Saga Mad Max,2024,2h 28m,"7,6"
. Era Uma Vez em... Hollywood,2019,2h 41m,"7,6"
. Harry Potter e a Pedra Filosofal,2001,2h 32m,"7,6"
. Assassinos da Lua das Flores,2023,3h 26m,"7,6"
. Aftersun,2022,1h 42m,"7,6"
. O Quinto Elemento,1997,2h 6mL,"7,6"
. 300,2006,1h 57m,"7,6"
. Watchmen: O Filme,2009,2h 42m,"7,6"
. Como Enlouquecer seu Chefe,1999,1h 29m,"7,6"
. Jogos Mortais,2004,1h 43m,"7,6"
. RoboCop: O Policial do Futuro,1987,1h 42m,"7,6"
. Meu Primo Vinny,1992,2h14,"7,6"
. A Baleia,2022,1h 57m,"7,6"
. O Preço da Verdade,2019,2h 6m1,"7,6"
. A Qualquer Custo,2016,1h 42m,"7,6"
. O Homem Que Mudou o Jogo,2011,2h 13m,"7,6"
. Star Wars: Episódio III - A Vingança dos Sith,2005,2h 20m,"7,6"
. Kung Fu Panda,2008,1h 32m,"7,6"
. Os Outros,2001,1h 41m,"7,6"
. Stardust - O Mistério da Estrela,2007,2h 7m1,"7,6"
. Minority Report: A Nova Lei,2002,2h 25m,"7,6"
. Efeito Borboleta,2004,1h 53m,"7,6"
. O Último dos Moicanos,1992,1h 52m,"7,6"
. O que Fazemos nas Sombras,2014,1h 26m,"7,6"
. Medo da Verdade,2007,1h 54m,"7,6"
. Um Sonho Possível,2009,2h 9m1,"7,6"
. Bravura Indômita,2010,1h 50m,"7,6"
. Meia-Noite em Paris,2011,1h 34m,"7,6"
. O Operário,2004,1h 41m,"7,6"
. Santos Justiceiros,1999,1h 48m,"7,6"
. Os Pássaros,1963,1h 59m,"7,6"
. Além da Linha Vermelha,1998,2h 50m,"7,6"
. Depois de Horas,1985,1h 37m,"7,6"
. Os Indomáveis,2007,2h 2m1,"7,6"
. Ponyo: Uma Amizade que Veio do Mar,2008,1h 41m,"7,6"
. Operação Invasão,2011,1h 41m,"7,6"
. Marcados para Morrer,2012,1h 49m,"7,6"
. A Família Mitchell e a Revolta das Máquinas,2021,1h 54m,"7,6"
. Três é Demais,1998,1h 33m,"7,6"
. Uma Lição de Amor,2001,2h 12m,"7,6"
". Corra, Lola, Corra",1998,1h 21m,"7,6"
. 50%,2011,1h 40m,"7,6"
. As Pontes de Madison,1995,2h 15m,"7,6"
. A Bela da Tarde,1967,1h 40m,"7,6"
. O Último Rei da Escócia,2006,2h 3m1,"7,6"
. 21 Gramas,2003,2h 4m1,"7,6"
. Barton Fink - Delírios de Hollywood,1991,1h 56m,"7,6"
. Juventude Transviada,1955,1h 51m,"7,6"
. Controle: A História de Ian Curtis,2007,2h 2m1,"7,6"
. Short Cuts - Cenas da Vida,1993,3h 8m1,"7,6"
. O Pequeno Príncipe,2015,1h 48m,"7,6"
0. Philomena,2013,1h 38m,"7,6"
